Interval,Frequency,Relative Frequency,Cumulative Frequency
"(0.734, 1.246]",18,0.10112359550561797,18
"(1.246, 1.752]",59,0.33146067415730335,77
"(1.752, 2.258]",33,0.1853932584269663,110
"(2.258, 2.764]",16,0.0898876404494382,126
"(2.764, 3.27]",14,0.07865168539325842,140
"(3.27, 3.776]",11,0.06179775280898876,151
"(3.776, 4.282]",14,0.07865168539325842,165
"(4.282, 4.788]",7,0.03932584269662921,172
"(4.788, 5.294]",3,0.016853932584269662,175
"(5.294, 5.8]",3,0.016853932584269662,178
